{
	"format_version": "1.21.6",
	"credit": "Made by LIMANearth using Blockbench(哇居然有人拆这个包吗)",
	"texture_size": [128, 128],
	"textures": {
		"1": "famara:item/famara"
	},
	"elements": [
		{
			"from": [2, 0, -1],
			"to": [24, 3, 17],
			"rotation": {"angle": 0, "axis": "y", "origin": [-8, 0, 0]},
			"faces": {
				"north": {"uv": [1.3125, 1, 2, 1.09375], "texture": "#1"},
				"east": {"uv": [1.375, 1.46875, 1.9375, 1.5625], "texture": "#1"},
				"south": {"uv": [1.375, 1.375, 2.0625, 1.46875], "texture": "#1"},
				"west": {"uv": [1.5, 0.25, 2.0625, 0.34375], "texture": "#1"},
				"up": {"uv": [0.6875, 0.5625, 0, 0], "texture": "#1"},
				"down": {"uv": [0.6875, 0.5625, 0, 1.125], "texture": "#1"}
			}
		},
		{
			"from": [-8, 0, -1],
			"to": [2, 1, 17],
			"rotation": {"angle": 0, "axis": "y", "origin": [-8, 0, 0]},
			"faces": {
				"north": {"uv": [1.3125, 1.09375, 1.625, 1.125], "texture": "#1"},
				"east": {"uv": [1.5, 0.71875, 2.0625, 0.75], "texture": "#1"},
				"south": {"uv": [1.6875, 1.75, 2, 1.78125], "texture": "#1"},
				"west": {"uv": [1.65625, 1.34375, 2.21875, 1.375], "texture": "#1"},
				"up": {"uv": [0.3125, 1.6875, 0, 1.125], "texture": "#1"},
				"down": {"uv": [0.625, 1.125, 0.3125, 1.6875], "texture": "#1"}
			}
		},
		{
			"from": [-7, 1, -1],
			"to": [2, 3, 0],
			"rotation": {"angle": 0, "axis": "y", "origin": [-8, 0, 0]},
			"faces": {
				"north": {"uv": [0, 1.6875, 0.28125, 1.75], "texture": "#1"},
				"east": {"uv": [1.09375, 1.75, 1.125, 1.8125], "texture": "#1"},
				"south": {"uv": [0.28125, 1.6875, 0.5625, 1.75], "texture": "#1"},
				"west": {"uv": [1.78125, 0.1875, 1.8125, 0.25], "texture": "#1"},
				"up": {"uv": [2.0625, 0.03125, 1.78125, 0], "texture": "#1"},
				"down": {"uv": [2.0625, 0.03125, 1.78125, 0.0625], "texture": "#1"}
			}
		},
		{
			"from": [-7, 1, 16],
			"to": [2, 3, 17],
			"rotation": {"angle": 0, "axis": "y", "origin": [-8, 0, 17]},
			"faces": {
				"north": {"uv": [0.5625, 1.6875, 0.84375, 1.75], "texture": "#1"},
				"east": {"uv": [1.6875, 1.78125, 1.71875, 1.84375], "texture": "#1"},
				"south": {"uv": [0.84375, 1.6875, 1.125, 1.75], "texture": "#1"},
				"west": {"uv": [1.78125, 1.6875, 1.8125, 1.75], "texture": "#1"},
				"up": {"uv": [2.0625, 0.09375, 1.78125, 0.0625], "texture": "#1"},
				"down": {"uv": [2.0625, 0.09375, 1.78125, 0.125], "texture": "#1"}
			}
		},
		{
			"from": [-0.6, 11.55, -1],
			"to": [8.4, 13.15, 17],
			"rotation": {"angle": 37.5, "axis": "z", "origin": [3.8, 12.65, 8]},
			"faces": {
				"north": {"uv": [1.5, 1.6875, 1.78125, 1.75], "texture": "#1"},
				"east": {"uv": [1.5, 0.46875, 2.0625, 0.53125], "texture": "#1"},
				"south": {"uv": [0, 1.75, 0.28125, 1.8125], "texture": "#1"},
				"west": {"uv": [1.5, 0.53125, 2.0625, 0.59375], "texture": "#1"},
				"up": {"uv": [0.90625, 1.6875, 0.625, 1.125], "texture": "#1"},
				"down": {"uv": [1.1875, 1.125, 0.90625, 1.6875], "texture": "#1"}
			}
		},
		{
			"from": [-3, 8.5, -1],
			"to": [0.6, 9.5, 17],
			"rotation": {"angle": 7.5, "axis": "z", "origin": [-4, 9.5, 0]},
			"faces": {
				"north": {"uv": [0.96875, 1.75, 1, 1.875], "rotation": 270, "texture": "#1"},
				"east": {"uv": [1.15625, 2.25, 1.125, 1.6875], "rotation": 90, "texture": "#1"},
				"south": {"uv": [1, 1.75, 1.03125, 1.875], "rotation": 90, "texture": "#1"},
				"west": {"uv": [1.1875, 1.6875, 1.15625, 2.25], "rotation": 90, "texture": "#1"},
				"up": {"uv": [1.3125, 0.875, 1.875, 1], "rotation": 90, "texture": "#1"},
				"down": {"uv": [1.3125, 0.75, 1.875, 0.875], "rotation": 90, "texture": "#1"}
			}
		},
		{
			"from": [-2.9, 9.5, 3.1],
			"to": [0.5, 10.1, 12.9],
			"rotation": {"angle": 7.5, "axis": "z", "origin": [-4, 9.5, 0]},
			"faces": {
				"north": {"uv": [2.40625, 0.28125, 2.4375, 0.40625], "rotation": 270, "texture": "#1"},
				"east": {"uv": [3.125, 1.21875, 3.09375, 0.65625], "rotation": 90, "texture": "#1"},
				"south": {"uv": [2.65625, 0.53125, 2.6875, 0.65625], "rotation": 90, "texture": "#1"},
				"west": {"uv": [2.90625, 0.625, 2.875, 1.1875], "rotation": 90, "texture": "#1"},
				"up": {"uv": [2.375, 0, 2.9375, 0.125], "rotation": 90, "texture": "#1"},
				"down": {"uv": [2.6875, 0.28125, 3.25, 0.40625], "rotation": 90, "texture": "#1"}
			}
		},
		{
			"from": [-3, 2.5, -0.1],
			"to": [1, 8.5, 5],
			"rotation": {"angle": 7.5, "axis": "z", "origin": [-4, 9.5, 0]},
			"faces": {
				"north": {"uv": [0, 3.75, 0.1875, 3.8125], "rotation": 270, "texture": "#1"},
				"east": {"uv": [0.71875, 2.75, 0.53125, 2.25], "rotation": 90, "texture": "#1"},
				"south": {"uv": [0.71875, 3.75, 0.90625, 3.8125], "rotation": 90, "texture": "#1"},
				"west": {"uv": [0.59375, 3.375, 0.40625, 3.875], "rotation": 90, "texture": "#1"},
				"up": {"uv": [0.875, 3.15625, 1.375, 3.21875], "rotation": 90, "texture": "#1"},
				"down": {"uv": [0.875, 3.09375, 1.375, 3.15625], "rotation": 90, "texture": "#1"}
			}
		},
		{
			"from": [-3, 2.5, 11],
			"to": [1, 8.5, 16.1],
			"rotation": {"angle": 7.5, "axis": "z", "origin": [-4, 9.5, 11.1]},
			"faces": {
				"north": {"uv": [2.21875, 3.03125, 2.40625, 3.09375], "rotation": 270, "texture": "#1"},
				"east": {"uv": [2.9375, 2.03125, 2.75, 1.53125], "rotation": 90, "texture": "#1"},
				"south": {"uv": [2.9375, 3.03125, 3.125, 3.09375], "rotation": 90, "texture": "#1"},
				"west": {"uv": [2.8125, 2.65625, 2.625, 3.15625], "rotation": 90, "texture": "#1"},
				"up": {"uv": [3.09375, 2.4375, 3.59375, 2.5], "rotation": 90, "texture": "#1"},
				"down": {"uv": [3.09375, 2.375, 3.59375, 2.4375], "rotation": 90, "texture": "#1"}
			}
		},
		{
			"from": [-2.8025, 3, 10],
			"to": [1.1975, 4, 11],
			"rotation": {"angle": 7.5, "axis": "z", "origin": [-3.8, 8, 9]},
			"faces": {
				"north": {"uv": [1.65625, 3.875, 1.84375, 3.9375], "rotation": 270, "texture": "#1"},
				"east": {"uv": [2.375, 2.875, 2.1875, 2.375], "rotation": 90, "texture": "#1"},
				"south": {"uv": [2.375, 3.875, 2.5625, 3.9375], "rotation": 90, "texture": "#1"},
				"west": {"uv": [2.25, 3.5, 2.0625, 4], "rotation": 90, "texture": "#1"},
				"up": {"uv": [2.53125, 3.28125, 3.03125, 3.34375], "rotation": 90, "texture": "#1"},
				"down": {"uv": [2.53125, 3.21875, 3.03125, 3.28125], "rotation": 90, "texture": "#1"}
			}
		},
		{
			"from": [-2.8025, 3, 5],
			"to": [1.1975, 4, 6],
			"rotation": {"angle": 7.5, "axis": "z", "origin": [-3.8, 8, 9]},
			"faces": {
				"north": {"uv": [1.65625, 3.875, 1.84375, 3.9375], "rotation": 270, "texture": "#1"},
				"east": {"uv": [2.375, 2.875, 2.1875, 2.375], "rotation": 90, "texture": "#1"},
				"south": {"uv": [2.375, 3.875, 2.5625, 3.9375], "rotation": 90, "texture": "#1"},
				"west": {"uv": [2.25, 3.5, 2.0625, 4], "rotation": 90, "texture": "#1"},
				"up": {"uv": [2.53125, 3.28125, 3.03125, 3.34375], "rotation": 90, "texture": "#1"},
				"down": {"uv": [2.53125, 3.21875, 3.03125, 3.28125], "rotation": 90, "texture": "#1"}
			}
		},
		{
			"from": [-2.8025, 7.6, 5],
			"to": [1.1975, 8.6, 6],
			"rotation": {"angle": 7.5, "axis": "z", "origin": [-3.8, 8, 9]},
			"faces": {
				"north": {"uv": [1.65625, 3.875, 1.84375, 3.9375], "rotation": 270, "texture": "#1"},
				"east": {"uv": [2.375, 2.875, 2.1875, 2.375], "rotation": 90, "texture": "#1"},
				"south": {"uv": [2.375, 3.875, 2.5625, 3.9375], "rotation": 90, "texture": "#1"},
				"west": {"uv": [2.25, 3.5, 2.0625, 4], "rotation": 90, "texture": "#1"},
				"up": {"uv": [2.53125, 3.28125, 3.03125, 3.34375], "rotation": 90, "texture": "#1"},
				"down": {"uv": [2.53125, 3.21875, 3.03125, 3.28125], "rotation": 90, "texture": "#1"}
			}
		},
		{
			"from": [-2.8025, 7.6, 10],
			"to": [1.1975, 8.6, 11],
			"rotation": {"angle": 7.5, "axis": "z", "origin": [-3.8, 8, 9]},
			"faces": {
				"north": {"uv": [1.65625, 3.875, 1.84375, 3.9375], "rotation": 270, "texture": "#1"},
				"east": {"uv": [2.375, 2.875, 2.1875, 2.375], "rotation": 90, "texture": "#1"},
				"south": {"uv": [2.375, 3.875, 2.5625, 3.9375], "rotation": 90, "texture": "#1"},
				"west": {"uv": [2.25, 3.5, 2.0625, 4], "rotation": 90, "texture": "#1"},
				"up": {"uv": [2.53125, 3.28125, 3.03125, 3.34375], "rotation": 90, "texture": "#1"},
				"down": {"uv": [2.53125, 3.21875, 3.03125, 3.28125], "rotation": 90, "texture": "#1"}
			}
		},
		{
			"from": [-3, 2.5, 5],
			"to": [1, 3, 11],
			"rotation": {"angle": 7.5, "axis": "z", "origin": [-4, 9.5, 11.1]},
			"faces": {
				"north": {"uv": [1.03125, 3.875, 1.21875, 3.9375], "rotation": 270, "texture": "#1"},
				"east": {"uv": [1.75, 2.875, 1.5625, 2.375], "rotation": 90, "texture": "#1"},
				"south": {"uv": [1.75, 3.875, 1.9375, 3.9375], "rotation": 90, "texture": "#1"},
				"west": {"uv": [1.625, 3.5, 1.4375, 4], "rotation": 90, "texture": "#1"},
				"up": {"uv": [1.90625, 3.28125, 2.40625, 3.34375], "rotation": 90, "texture": "#1"},
				"down": {"uv": [1.90625, 3.21875, 2.40625, 3.28125], "rotation": 90, "texture": "#1"}
			}
		},
		{
			"from": [-2.6, 18.2, 4],
			"to": [12.4, 20.2, 12],
			"rotation": {"angle": 15, "axis": "z", "origin": [6.5, 20.6, 8]},
			"faces": {
				"north": {"uv": [1.65625, 1.21875, 2.125, 1.28125], "texture": "#1"},
				"east": {"uv": [0.28125, 1.75, 0.53125, 1.8125], "texture": "#1"},
				"south": {"uv": [1.65625, 1.28125, 2.125, 1.34375], "texture": "#1"},
				"west": {"uv": [0.53125, 1.75, 0.78125, 1.8125], "texture": "#1"},
				"up": {"uv": [1.65625, 1.375, 1.1875, 1.125], "texture": "#1"},
				"down": {"uv": [1.78125, 0, 1.3125, 0.25], "texture": "#1"}
			}
		},
		{
			"from": [22.4, 3, -1],
			"to": [24, 4.6, 17],
			"rotation": {"angle": 0, "axis": "y", "origin": [-8, 0, 0]},
			"faces": {
				"north": {"uv": [1.03125, 1.75, 1.09375, 1.8125], "texture": "#1"},
				"east": {"uv": [1.5, 0.59375, 2.0625, 0.65625], "texture": "#1"},
				"south": {"uv": [1.78125, 0.125, 1.84375, 0.1875], "texture": "#1"},
				"west": {"uv": [1.5, 0.65625, 2.0625, 0.71875], "texture": "#1"},
				"up": {"uv": [1.4375, 2.125, 1.375, 1.5625], "texture": "#1"},
				"down": {"uv": [1.5, 1.5625, 1.4375, 2.125], "texture": "#1"}
			}
		},
		{
			"from": [5.2, 8.6, -1],
			"to": [25.6, 10.2, 17],
			"rotation": {"angle": -37.5, "axis": "z", "origin": [14.7, 9.4, 8]},
			"faces": {
				"north": {"uv": [1.5, 0.34375, 2.125, 0.40625], "texture": "#1"},
				"east": {"uv": [1.5, 1.5625, 2.0625, 1.625], "texture": "#1"},
				"south": {"uv": [1.5, 0.40625, 2.125, 0.46875], "texture": "#1"},
				"west": {"uv": [1.5, 1.625, 2.0625, 1.6875], "texture": "#1"},
				"up": {"uv": [1.3125, 0.5625, 0.6875, 0], "texture": "#1"},
				"down": {"uv": [1.3125, 0.5625, 0.6875, 1.125], "texture": "#1"}
			}
		},
		{
			"from": [-7, 0.1, 0],
			"to": [2, 1.1, 16],
			"rotation": {"angle": 15, "axis": "z", "origin": [-7, -0.9, 0]},
			"faces": {
				"north": {"uv": [3.46875, 0.65625, 3.75, 0.6875], "texture": "#1"},
				"east": {"uv": [3.21875, 1.625, 3.71875, 1.65625], "texture": "#1"},
				"south": {"uv": [3.375, 1.84375, 3.65625, 1.875], "texture": "#1"},
				"west": {"uv": [3.25, 2, 3.75, 2.03125], "texture": "#1"},
				"up": {"uv": [3.40625, 0, 3.6875, 0.5], "texture": "#1"},
				"down": {"uv": [3.375, 0.875, 3.65625, 1.375], "texture": "#1"}
			}
		},
		{
			"from": [-1, 3.1, 3],
			"to": [1, 9.1, 12],
			"rotation": {"angle": 7.5, "axis": "z", "origin": [0, 0, 0]},
			"faces": {
				"north": {"uv": [0.15625, 2.90625, 0.21875, 3.09375], "texture": "#1"},
				"east": {"uv": [0.15625, 2.90625, 0.4375, 3.09375], "texture": "#1"},
				"south": {"uv": [0.15625, 2.90625, 0.21875, 3.09375], "texture": "#1"},
				"west": {"uv": [0.15625, 2.90625, 0.4375, 3.09375], "texture": "#1"},
				"up": {"uv": [0.15625, 2.90625, 0.21875, 3.1875], "texture": "#1"},
				"down": {"uv": [0.15625, 2.90625, 0.21875, 3.1875], "texture": "#1"}
			}
		},
		{
			"from": [-2.76729, 6.07013, 0.7],
			"to": [-1.76729, 8.07013, 2.7],
			"rotation": {"angle": 7.5, "axis": "z", "origin": [-2.26729, 6.27013, 1.5]},
			"faces": {
				"north": {"uv": [0.9375, 3.46875, 0.96875, 3.54375], "texture": "#1"},
				"east": {"uv": [0.9375, 3.46875, 1.0125, 3.54375], "texture": "#1"},
				"south": {"uv": [0.9375, 3.46875, 0.96875, 3.54375], "texture": "#1"},
				"west": {"uv": [0.9375, 3.46875, 1.0125, 3.54375], "texture": "#1"},
				"up": {"uv": [0.9375, 3.46875, 0.96875, 3.54375], "texture": "#1"},
				"down": {"uv": [0.9375, 3.46875, 0.96875, 3.54375], "texture": "#1"}
			}
		},
		{
			"from": [-2.76729, 6.07013, 12.6],
			"to": [-1.76729, 8.07013, 14.6],
			"rotation": {"angle": 7.5, "axis": "z", "origin": [-2.26729, 6.27013, 1.5]},
			"faces": {
				"north": {"uv": [1.1875, 3.5, 1.21875, 3.575], "texture": "#1"},
				"east": {"uv": [1.1875, 3.5, 1.2625, 3.575], "texture": "#1"},
				"south": {"uv": [1.1875, 3.5, 1.21875, 3.575], "texture": "#1"},
				"west": {"uv": [1.1875, 3.5, 1.2625, 3.575], "texture": "#1"},
				"up": {"uv": [1.1875, 3.5, 1.21875, 3.575], "texture": "#1"},
				"down": {"uv": [1.1875, 3.5, 1.21875, 3.575], "texture": "#1"}
			}
		},
		{
			"from": [9.07435, 1.45036, 15.4],
			"to": [11.07435, 12.45036, 16.4],
			"rotation": {"angle": -2.5, "axis": "z", "origin": [10.07435, 5.95036, 15.9]},
			"faces": {
				"north": {"uv": [0.34375, 0.125, 0.40625, 0.40625], "texture": "#1"},
				"east": {"uv": [0.34375, 0.125, 0.375, 0.40625], "texture": "#1"},
				"south": {"uv": [0.34375, 0.125, 0.40625, 0.40625], "texture": "#1"},
				"west": {"uv": [0.34375, 0.125, 0.375, 0.40625], "texture": "#1"},
				"up": {"uv": [0.34375, 0.125, 0.40625, 0.15625], "texture": "#1"},
				"down": {"uv": [0.34375, 0.125, 0.40625, 0.15625], "texture": "#1"}
			}
		},
		{
			"from": [1, 3, 0],
			"to": [22, 4.6, 16],
			"faces": {
				"north": {"uv": [3.3125, 3.5, 3.96875, 3.55], "texture": "#1"},
				"east": {"uv": [3.3125, 3.5, 3.8125, 3.55], "texture": "#1"},
				"south": {"uv": [3.3125, 3.5, 3.96875, 3.55], "texture": "#1"},
				"west": {"uv": [3.3125, 3.5, 3.8125, 3.55], "texture": "#1"},
				"up": {"uv": [3.3125, 3.5, 3.96875, 4], "texture": "#1"},
				"down": {"uv": [3.3125, 3.5, 3.96875, 4], "texture": "#1"}
			}
		},
		{
			"from": [9, 11, 0],
			"to": [11, 12.6, 16],
			"faces": {
				"north": {"uv": [3.3125, 3.5, 3.375, 3.55], "texture": "#1"},
				"east": {"uv": [3.3125, 3.5, 3.8125, 3.55], "texture": "#1"},
				"south": {"uv": [3.3125, 3.5, 3.375, 3.55], "texture": "#1"},
				"west": {"uv": [3.3125, 3.5, 3.8125, 3.55], "texture": "#1"},
				"up": {"uv": [3.3125, 3.5, 3.375, 4], "texture": "#1"},
				"down": {"uv": [3.3125, 3.5, 3.375, 4], "texture": "#1"}
			}
		},
		{
			"from": [15, 7, 0],
			"to": [17, 8.6, 16],
			"faces": {
				"north": {"uv": [3.3125, 3.5, 3.375, 3.55], "texture": "#1"},
				"east": {"uv": [3.3125, 3.5, 3.8125, 3.55], "texture": "#1"},
				"south": {"uv": [3.3125, 3.5, 3.375, 3.55], "texture": "#1"},
				"west": {"uv": [3.3125, 3.5, 3.8125, 3.55], "texture": "#1"},
				"up": {"uv": [3.3125, 3.5, 3.375, 4], "texture": "#1"},
				"down": {"uv": [3.3125, 3.5, 3.375, 4], "texture": "#1"}
			}
		},
		{
			"from": [15, 5, 0],
			"to": [18.3, 7.6, 16],
			"faces": {
				"north": {"uv": [3.3125, 3.5, 3.41563, 3.58125], "texture": "#1"},
				"east": {"uv": [3.3125, 3.5, 3.8125, 3.58125], "texture": "#1"},
				"south": {"uv": [3.3125, 3.5, 3.41563, 3.58125], "texture": "#1"},
				"west": {"uv": [3.3125, 3.5, 3.8125, 3.58125], "texture": "#1"},
				"up": {"uv": [3.3125, 3.5, 3.41563, 4], "texture": "#1"},
				"down": {"uv": [3.3125, 3.5, 3.41563, 4], "texture": "#1"}
			}
		},
		{
			"from": [18, 4, 0],
			"to": [19.9, 5.6, 16],
			"faces": {
				"north": {"uv": [3.3125, 3.5, 3.37188, 3.55], "texture": "#1"},
				"east": {"uv": [3.3125, 3.5, 3.8125, 3.55], "texture": "#1"},
				"south": {"uv": [3.3125, 3.5, 3.37188, 3.55], "texture": "#1"},
				"west": {"uv": [3.3125, 3.5, 3.8125, 3.55], "texture": "#1"},
				"up": {"uv": [3.3125, 3.5, 3.37188, 4], "texture": "#1"},
				"down": {"uv": [3.3125, 3.5, 3.37188, 4], "texture": "#1"}
			}
		},
		{
			"from": [1, 4, 0],
			"to": [15, 9.6, 16],
			"faces": {
				"north": {"uv": [3.3125, 3.5, 3.75, 3.675], "texture": "#1"},
				"east": {"uv": [3.3125, 3.5, 3.8125, 3.675], "texture": "#1"},
				"south": {"uv": [3.3125, 3.5, 3.75, 3.675], "texture": "#1"},
				"west": {"uv": [3.3125, 3.5, 3.8125, 3.675], "texture": "#1"},
				"up": {"uv": [3.3125, 3.5, 3.75, 4], "texture": "#1"},
				"down": {"uv": [3.3125, 3.5, 3.75, 4], "texture": "#1"}
			}
		},
		{
			"from": [0, 5, 0],
			"to": [22, 7.6, 16],
			"rotation": {"angle": -22.5, "axis": "z", "origin": [11.5, 3.8, 8]},
			"faces": {
				"north": {"uv": [3.3125, 3.5, 4, 3.58125], "texture": "#1"},
				"east": {"uv": [3.3125, 3.5, 3.8125, 3.58125], "texture": "#1"},
				"south": {"uv": [3.3125, 3.5, 4, 3.58125], "texture": "#1"},
				"west": {"uv": [3.3125, 3.5, 3.8125, 3.58125], "texture": "#1"},
				"up": {"uv": [3.3125, 3.5, 4, 4], "texture": "#1"},
				"down": {"uv": [3.3125, 3.5, 4, 4], "texture": "#1"}
			}
		},
		{
			"from": [1.4, 7, 0],
			"to": [13, 10.6, 16],
			"rotation": {"angle": -22.5, "axis": "z", "origin": [11.5, 3.8, 8]},
			"faces": {
				"north": {"uv": [3.3125, 3.5, 3.6875, 3.6125], "texture": "#1"},
				"east": {"uv": [3.3125, 3.5, 3.8125, 3.6125], "texture": "#1"},
				"south": {"uv": [3.3125, 3.5, 3.6875, 3.6125], "texture": "#1"},
				"west": {"uv": [3.3125, 3.5, 3.8125, 3.6125], "texture": "#1"},
				"up": {"uv": [3.3125, 3.5, 3.6875, 4], "texture": "#1"},
				"down": {"uv": [3.3125, 3.5, 3.6875, 4], "texture": "#1"}
			}
		},
		{
			"from": [2.6, 10, 0],
			"to": [6, 12.6, 16],
			"rotation": {"angle": -22.5, "axis": "z", "origin": [11.5, 3.8, 8]},
			"faces": {
				"north": {"uv": [3.3125, 3.5, 3.4375, 3.58125], "texture": "#1"},
				"east": {"uv": [3.3125, 3.5, 3.8125, 3.58125], "texture": "#1"},
				"south": {"uv": [3.3125, 3.5, 3.4375, 3.58125], "texture": "#1"},
				"west": {"uv": [3.3125, 3.5, 3.8125, 3.58125], "texture": "#1"},
				"up": {"uv": [3.3125, 3.5, 3.4375, 4], "texture": "#1"},
				"down": {"uv": [3.3125, 3.5, 3.4375, 4], "texture": "#1"}
			}
		},
		{
			"from": [0.1, 14.2, 4.2],
			"to": [4.8, 17.2, 11.8],
			"rotation": {"angle": 30, "axis": "z", "origin": [1, 13.5, 1]},
			"faces": {
				"north": {"uv": [3.34375, 3.40625, 3.49063, 3.5], "texture": "#1"},
				"east": {"uv": [3.34375, 3.40625, 3.58125, 3.5], "texture": "#1"},
				"south": {"uv": [3.34375, 3.40625, 3.49063, 3.5], "texture": "#1"},
				"west": {"uv": [3.34375, 3.40625, 3.58125, 3.5], "texture": "#1"},
				"up": {"uv": [3.34375, 3.40625, 3.49063, 3.64375], "texture": "#1"},
				"down": {"uv": [3.34375, 3.40625, 3.49063, 3.64375], "texture": "#1"}
			}
		},
		{
			"from": [4.75189, 17.0384, 4.2],
			"to": [10.85189, 19.1384, 11.8],
			"rotation": {"angle": 37.5, "axis": "z", "origin": [7.50189, 17.1384, 8]},
			"faces": {
				"north": {"uv": [3.34375, 3.40625, 3.53438, 3.47188], "texture": "#1"},
				"east": {"uv": [3.34375, 3.40625, 3.58125, 3.47188], "texture": "#1"},
				"south": {"uv": [3.34375, 3.40625, 3.53438, 3.47188], "texture": "#1"},
				"west": {"uv": [3.34375, 3.40625, 3.58125, 3.47188], "texture": "#1"},
				"up": {"uv": [3.34375, 3.40625, 3.53438, 3.64375], "texture": "#1"},
				"down": {"uv": [3.34375, 3.40625, 3.53438, 3.64375], "texture": "#1"}
			}
		},
		{
			"from": [-0.10235, 13.14888, 4.2],
			"to": [3.09765, 19.84888, 11.8],
			"rotation": {"angle": -38.5, "axis": "z", "origin": [0.79765, 13.39888, 8]},
			"faces": {
				"north": {"uv": [3.34375, 3.40625, 3.55313, 3.50625], "rotation": 90, "texture": "#1"},
				"east": {"uv": [3.34375, 3.40625, 3.55313, 3.64375], "rotation": 270, "texture": "#1"},
				"south": {"uv": [3.34375, 3.40625, 3.55313, 3.50625], "rotation": 270, "texture": "#1"},
				"west": {"uv": [3.34375, 3.40625, 3.55313, 3.64375], "rotation": 270, "texture": "#1"},
				"up": {"uv": [3.34375, 3.40625, 3.58125, 3.50625], "rotation": 270, "texture": "#1"},
				"down": {"uv": [3.34375, 3.40625, 3.58125, 3.50625], "rotation": 270, "texture": "#1"}
			}
		},
		{
			"from": [-1.2737, 15.01425, 4.2],
			"to": [11.7263, 16.01425, 11.8],
			"rotation": {"angle": 37, "axis": "z", "origin": [5.2263, 18.71425, 8]},
			"faces": {
				"north": {"uv": [3.34375, 3.40625, 3.75, 3.4375], "texture": "#1"},
				"east": {"uv": [3.34375, 3.40625, 3.58125, 3.4375], "texture": "#1"},
				"south": {"uv": [3.34375, 3.40625, 3.75, 3.4375], "texture": "#1"},
				"west": {"uv": [3.34375, 3.40625, 3.58125, 3.4375], "texture": "#1"},
				"up": {"uv": [3.34375, 3.40625, 3.75, 3.64375], "texture": "#1"},
				"down": {"uv": [3.34375, 3.40625, 3.75, 3.64375], "texture": "#1"}
			}
		},
		{
			"from": [7, 15.6, 4.5],
			"to": [9.5, 16.1, 4.9],
			"rotation": {"angle": -15, "axis": "z", "origin": [10.4, 16.4, 4.7]},
			"faces": {
				"north": {"uv": [3.5625, 3.5625, 3.64063, 3.57813], "texture": "#1"},
				"east": {"uv": [3.5625, 3.5625, 3.575, 3.57813], "texture": "#1"},
				"south": {"uv": [3.5625, 3.5625, 3.64063, 3.57813], "texture": "#1"},
				"west": {"uv": [3.5625, 3.5625, 3.575, 3.57813], "texture": "#1"},
				"up": {"uv": [3.5625, 3.5625, 3.64063, 3.575], "texture": "#1"},
				"down": {"uv": [3.5625, 3.5625, 3.64063, 3.575], "texture": "#1"}
			}
		},
		{
			"from": [12.4, 15.3, 4.5],
			"to": [12.7, 16.2, 4.9],
			"rotation": {"angle": -15, "axis": "z", "origin": [10.4, 16.4, 4.7]},
			"faces": {
				"north": {"uv": [3.5625, 3.5625, 3.57188, 3.59063], "texture": "#1"},
				"east": {"uv": [3.5625, 3.5625, 3.575, 3.59063], "texture": "#1"},
				"south": {"uv": [3.5625, 3.5625, 3.57188, 3.59063], "texture": "#1"},
				"west": {"uv": [3.5625, 3.5625, 3.575, 3.59063], "texture": "#1"},
				"up": {"uv": [3.5625, 3.5625, 3.57188, 3.575], "texture": "#1"},
				"down": {"uv": [3.5625, 3.5625, 3.57188, 3.575], "texture": "#1"}
			}
		},
		{
			"from": [7, 15.3, 4.5],
			"to": [12.7, 15.7, 4.9],
			"rotation": {"angle": -15, "axis": "z", "origin": [10.4, 16.4, 4.7]},
			"faces": {
				"north": {"uv": [3.5625, 3.5625, 3.74063, 3.575], "texture": "#1"},
				"east": {"uv": [3.5625, 3.5625, 3.575, 3.575], "texture": "#1"},
				"south": {"uv": [3.5625, 3.5625, 3.74063, 3.575], "texture": "#1"},
				"west": {"uv": [3.5625, 3.5625, 3.575, 3.575], "texture": "#1"},
				"up": {"uv": [3.5625, 3.5625, 3.74063, 3.575], "texture": "#1"},
				"down": {"uv": [3.5625, 3.5625, 3.74063, 3.575], "texture": "#1"}
			}
		},
		{
			"from": [7, 15.9, 4.5],
			"to": [12.7, 16.3, 4.9],
			"rotation": {"angle": -15, "axis": "z", "origin": [10.4, 16.4, 4.7]},
			"faces": {
				"north": {"uv": [3.5625, 3.5625, 3.74063, 3.575], "texture": "#1"},
				"east": {"uv": [3.5625, 3.5625, 3.575, 3.575], "texture": "#1"},
				"south": {"uv": [3.5625, 3.5625, 3.74063, 3.575], "texture": "#1"},
				"west": {"uv": [3.5625, 3.5625, 3.575, 3.575], "texture": "#1"},
				"up": {"uv": [3.5625, 3.5625, 3.74063, 3.575], "texture": "#1"},
				"down": {"uv": [3.5625, 3.5625, 3.74063, 3.575], "texture": "#1"}
			}
		},
		{
			"from": [7, 15.6, 11.1],
			"to": [9.5, 16.1, 11.5],
			"rotation": {"angle": -15, "axis": "z", "origin": [10.4, 16.4, 4.7]},
			"faces": {
				"north": {"uv": [3.5625, 3.5625, 3.64063, 3.57813], "texture": "#1"},
				"east": {"uv": [3.5625, 3.5625, 3.575, 3.57813], "texture": "#1"},
				"south": {"uv": [3.5625, 3.5625, 3.64063, 3.57813], "texture": "#1"},
				"west": {"uv": [3.5625, 3.5625, 3.575, 3.57813], "texture": "#1"},
				"up": {"uv": [3.5625, 3.5625, 3.64063, 3.575], "texture": "#1"},
				"down": {"uv": [3.5625, 3.5625, 3.64063, 3.575], "texture": "#1"}
			}
		},
		{
			"from": [12.4, 15.3, 11.1],
			"to": [12.7, 16.2, 11.5],
			"rotation": {"angle": -15, "axis": "z", "origin": [10.4, 16.4, 4.7]},
			"faces": {
				"north": {"uv": [3.5625, 3.5625, 3.57188, 3.59063], "texture": "#1"},
				"east": {"uv": [3.5625, 3.5625, 3.575, 3.59063], "texture": "#1"},
				"south": {"uv": [3.5625, 3.5625, 3.57188, 3.59063], "texture": "#1"},
				"west": {"uv": [3.5625, 3.5625, 3.575, 3.59063], "texture": "#1"},
				"up": {"uv": [3.5625, 3.5625, 3.57188, 3.575], "texture": "#1"},
				"down": {"uv": [3.5625, 3.5625, 3.57188, 3.575], "texture": "#1"}
			}
		},
		{
			"from": [7, 15.3, 11.1],
			"to": [12.7, 15.7, 11.5],
			"rotation": {"angle": -15, "axis": "z", "origin": [10.4, 16.4, 4.7]},
			"faces": {
				"north": {"uv": [3.5625, 3.5625, 3.74063, 3.575], "texture": "#1"},
				"east": {"uv": [3.5625, 3.5625, 3.575, 3.575], "texture": "#1"},
				"south": {"uv": [3.5625, 3.5625, 3.74063, 3.575], "texture": "#1"},
				"west": {"uv": [3.5625, 3.5625, 3.575, 3.575], "texture": "#1"},
				"up": {"uv": [3.5625, 3.5625, 3.74063, 3.575], "texture": "#1"},
				"down": {"uv": [3.5625, 3.5625, 3.74063, 3.575], "texture": "#1"}
			}
		},
		{
			"from": [7, 15.9, 11.1],
			"to": [12.7, 16.3, 11.5],
			"rotation": {"angle": -15, "axis": "z", "origin": [10.4, 16.4, 4.7]},
			"faces": {
				"north": {"uv": [3.5625, 3.5625, 3.74063, 3.575], "texture": "#1"},
				"east": {"uv": [3.5625, 3.5625, 3.575, 3.575], "texture": "#1"},
				"south": {"uv": [3.5625, 3.5625, 3.74063, 3.575], "texture": "#1"},
				"west": {"uv": [3.5625, 3.5625, 3.575, 3.575], "texture": "#1"},
				"up": {"uv": [3.5625, 3.5625, 3.74063, 3.575], "texture": "#1"},
				"down": {"uv": [3.5625, 3.5625, 3.74063, 3.575], "texture": "#1"}
			}
		},
		{
			"from": [11.9, 14.8, 4.8],
			"to": [12.8, 19.7, 5.7],
			"faces": {
				"north": {"uv": [3.4375, 3.625, 3.46563, 3.77813], "texture": "#1"},
				"east": {"uv": [3.4375, 3.625, 3.46563, 3.77813], "texture": "#1"},
				"south": {"uv": [3.4375, 3.625, 3.46563, 3.77813], "texture": "#1"},
				"west": {"uv": [3.4375, 3.625, 3.46563, 3.77813], "texture": "#1"},
				"up": {"uv": [3.4375, 3.625, 3.46563, 3.65313], "texture": "#1"},
				"down": {"uv": [3.4375, 3.625, 3.46563, 3.65313], "texture": "#1"}
			}
		},
		{
			"from": [11.9, 14.7, 4.8],
			"to": [12.8, 15.3, 11.2],
			"faces": {
				"north": {"uv": [3.4375, 3.625, 3.46563, 3.64375], "texture": "#1"},
				"east": {"uv": [3.4375, 3.625, 3.6375, 3.64375], "texture": "#1"},
				"south": {"uv": [3.4375, 3.625, 3.46563, 3.64375], "texture": "#1"},
				"west": {"uv": [3.4375, 3.625, 3.6375, 3.64375], "texture": "#1"},
				"up": {"uv": [3.4375, 3.625, 3.46563, 3.825], "texture": "#1"},
				"down": {"uv": [3.4375, 3.625, 3.46563, 3.825], "texture": "#1"}
			}
		},
		{
			"from": [11.9, 19.2, 4.8],
			"to": [12.8, 19.7, 11.2],
			"faces": {
				"north": {"uv": [3.4375, 3.625, 3.46563, 3.64063], "texture": "#1"},
				"east": {"uv": [3.4375, 3.625, 3.6375, 3.64063], "texture": "#1"},
				"south": {"uv": [3.4375, 3.625, 3.46563, 3.64063], "texture": "#1"},
				"west": {"uv": [3.4375, 3.625, 3.6375, 3.64063], "texture": "#1"},
				"up": {"uv": [3.4375, 3.625, 3.46563, 3.825], "texture": "#1"},
				"down": {"uv": [3.4375, 3.625, 3.46563, 3.825], "texture": "#1"}
			}
		},
		{
			"from": [11.9, 14.7, 10.3],
			"to": [12.8, 19.7, 11.2],
			"faces": {
				"north": {"uv": [3.4375, 3.625, 3.46563, 3.78125], "texture": "#1"},
				"east": {"uv": [3.4375, 3.625, 3.46563, 3.78125], "texture": "#1"},
				"south": {"uv": [3.4375, 3.625, 3.46563, 3.78125], "texture": "#1"},
				"west": {"uv": [3.4375, 3.625, 3.46563, 3.78125], "texture": "#1"},
				"up": {"uv": [3.4375, 3.625, 3.46563, 3.65313], "texture": "#1"},
				"down": {"uv": [3.4375, 3.625, 3.46563, 3.65313], "texture": "#1"}
			}
		},
		{
			"from": [12.05, 15, 5],
			"to": [12.55, 19.4, 11],
			"faces": {
				"north": {"uv": [3.46875, 2.71875, 3.48438, 2.85625], "texture": "#1"},
				"east": {"uv": [3.46875, 2.71875, 3.65625, 2.85625], "texture": "#1"},
				"south": {"uv": [3.46875, 2.71875, 3.48438, 2.85625], "texture": "#1"},
				"west": {"uv": [3.46875, 2.71875, 3.65625, 2.85625], "texture": "#1"},
				"up": {"uv": [3.46875, 2.71875, 3.48438, 2.90625], "texture": "#1"},
				"down": {"uv": [3.46875, 2.71875, 3.48438, 2.90625], "texture": "#1"}
			}
		},
		{
			"from": [4.8, 5.5, 0.9],
			"to": [6.5, 6.5, 0.9],
			"rotation": {"angle": 0, "axis": "y", "origin": [-2, 5, 0.9]},
			"faces": {
				"north": {"uv": [1.78125, 8.03125, 16, 16], "texture": "#1"},
				"east": {"uv": [0, 0, 0.25, 0.25], "texture": "#1"},
				"south": {"uv": [1.78125, 8.03125, 16, 15.90625], "texture": "#1"},
				"west": {"uv": [0, 0, 0.25, 0.25], "texture": "#1"},
				"up": {"uv": [0, 0, 0.25, 0.25], "texture": "#1"},
				"down": {"uv": [0, 0, 0.25, 0.25], "texture": "#1"}
			}
		},
		{
			"from": [3.3, 4.5, 0.9],
			"to": [5, 7.5, 0.9],
			"rotation": {"angle": 0, "axis": "y", "origin": [-3.5, 5, 0.9]},
			"faces": {
				"north": {"uv": [2.65625, 9.125, 4.04543, 15.50867], "texture": "#1"},
				"east": {"uv": [0, 0, 0.25, 0.25], "texture": "#1"},
				"south": {"uv": [2.375, 10, 3.76088, 14.88147], "texture": "#1"},
				"west": {"uv": [0, 0, 0.25, 0.25], "texture": "#1"},
				"up": {"uv": [0, 0, 0.25, 0.25], "texture": "#1"},
				"down": {"uv": [0, 0, 0.25, 0.25], "texture": "#1"}
			}
		},
		{
			"from": [3.3, 6.5, 0.9],
			"to": [5, 9.5, 0.9],
			"rotation": {"angle": 0, "axis": "y", "origin": [-3.5, 7, 0.9]},
			"faces": {
				"north": {"uv": [2.65625, 9.125, 4.04543, 15.50867], "texture": "#1"},
				"east": {"uv": [0, 0, 0.25, 0.25], "texture": "#1"},
				"south": {"uv": [2.375, 10, 3.76088, 14.88147], "texture": "#1"},
				"west": {"uv": [0, 0, 0.25, 0.25], "texture": "#1"},
				"up": {"uv": [0, 0, 0.25, 0.25], "texture": "#1"},
				"down": {"uv": [0, 0, 0.25, 0.25], "texture": "#1"}
			}
		},
		{
			"from": [6.3, 6.5, 0.9],
			"to": [8, 9.5, 0.9],
			"rotation": {"angle": 0, "axis": "y", "origin": [-0.5, 7, 0.9]},
			"faces": {
				"north": {"uv": [2.65625, 9.125, 4.04543, 15.50867], "texture": "#1"},
				"east": {"uv": [0, 0, 0.25, 0.25], "texture": "#1"},
				"south": {"uv": [2.375, 10, 3.76088, 14.88147], "texture": "#1"},
				"west": {"uv": [0, 0, 0.25, 0.25], "texture": "#1"},
				"up": {"uv": [0, 0, 0.25, 0.25], "texture": "#1"},
				"down": {"uv": [0, 0, 0.25, 0.25], "texture": "#1"}
			}
		},
		{
			"from": [6.3, 2.5, 0.9],
			"to": [8, 5.5, 0.9],
			"rotation": {"angle": 0, "axis": "y", "origin": [-0.5, 3, 0.9]},
			"faces": {
				"north": {"uv": [2.65625, 9.125, 4.04543, 15.50867], "texture": "#1"},
				"east": {"uv": [0, 0, 0.25, 0.25], "texture": "#1"},
				"south": {"uv": [2.375, 10, 3.76088, 14.88147], "texture": "#1"},
				"west": {"uv": [0, 0, 0.25, 0.25], "texture": "#1"},
				"up": {"uv": [0, 0, 0.25, 0.25], "texture": "#1"},
				"down": {"uv": [0, 0, 0.25, 0.25], "texture": "#1"}
			}
		},
		{
			"from": [3.3, 2.5, 0.9],
			"to": [5, 5.5, 0.9],
			"rotation": {"angle": 0, "axis": "y", "origin": [-3.5, 3, 0.9]},
			"faces": {
				"north": {"uv": [2.65625, 9.125, 4.04543, 15.50867], "texture": "#1"},
				"east": {"uv": [0, 0, 0.25, 0.25], "texture": "#1"},
				"south": {"uv": [2.375, 10, 3.76088, 14.88147], "texture": "#1"},
				"west": {"uv": [0, 0, 0.25, 0.25], "texture": "#1"},
				"up": {"uv": [0, 0, 0.25, 0.25], "texture": "#1"},
				"down": {"uv": [0, 0, 0.25, 0.25], "texture": "#1"}
			}
		},
		{
			"from": [4.8, 6.5, 0.9],
			"to": [6.5, 9.5, 0.9],
			"rotation": {"angle": 0, "axis": "y", "origin": [-2, 7, 0.9]},
			"faces": {
				"north": {"uv": [2.65625, 9.125, 4.04543, 15.50867], "texture": "#1"},
				"east": {"uv": [0, 0, 0.25, 0.25], "texture": "#1"},
				"south": {"uv": [2.375, 10, 3.76088, 14.88147], "texture": "#1"},
				"west": {"uv": [0, 0, 0.25, 0.25], "texture": "#1"},
				"up": {"uv": [0, 0, 0.25, 0.25], "texture": "#1"},
				"down": {"uv": [0, 0, 0.25, 0.25], "texture": "#1"}
			}
		},
		{
			"from": [4.8, 2.5, 0.9],
			"to": [6.5, 5.5, 0.9],
			"rotation": {"angle": 0, "axis": "y", "origin": [-2, 3, 0.9]},
			"faces": {
				"north": {"uv": [2.65625, 9.125, 4.04543, 15.50867], "texture": "#1"},
				"east": {"uv": [0, 0, 0.25, 0.25], "texture": "#1"},
				"south": {"uv": [2.375, 10, 3.76088, 14.88147], "texture": "#1"},
				"west": {"uv": [0, 0, 0.25, 0.25], "texture": "#1"},
				"up": {"uv": [0, 0, 0.25, 0.25], "texture": "#1"},
				"down": {"uv": [0, 0, 0.25, 0.25], "texture": "#1"}
			}
		},
		{
			"from": [6.3, 4.5, 0.9],
			"to": [8, 7.5, 0.9],
			"rotation": {"angle": 0, "axis": "y", "origin": [-0.5, 5, 0.9]},
			"faces": {
				"north": {"uv": [2.65625, 9.125, 4.04543, 15.50867], "texture": "#1"},
				"east": {"uv": [0, 0, 0.25, 0.25], "texture": "#1"},
				"south": {"uv": [2.375, 10, 3.76088, 14.88147], "texture": "#1"},
				"west": {"uv": [0, 0, 0.25, 0.25], "texture": "#1"},
				"up": {"uv": [0, 0, 0.25, 0.25], "texture": "#1"},
				"down": {"uv": [0, 0, 0.25, 0.25], "texture": "#1"}
			}
		}
	],
	"display": {
		"thirdperson_righthand": {
			"rotation": [77, -90, 0],
			"translation": [0, 1.75, 0],
			"scale": [0.3, 0.3, 0.3]
		},
		"thirdperson_lefthand": {
			"rotation": [77, 90, 0],
			"translation": [0, 1.75, 0],
			"scale": [0.3, 0.3, 0.3]
		},
		"firstperson_righthand": {
			"translation": [0.41, 16.345, 37],
			"scale": [4, 4, 4]
		},
		"firstperson_lefthand": {
			"rotation": [6, 90, 0],
			"translation": [0, 5, 0],
			"scale": [0.3, 0.3, 0.3]
		},
		"ground": {
			"translation": [0, 1.5, 0],
			"scale": [0.3, 0.3, 0.3]
		},
		"gui": {
			"rotation": [17, 60, -5],
			"translation": [0, -0.5, 0],
			"scale": [0.45, 0.45, 0.45]
		},
		"head": {
			"rotation": [0, -90, 0],
			"translation": [0, 8.75, 0],
			"scale": [0.3, 0.3, 0.3]
		},
		"fixed": {
			"rotation": [-90, 0, 0],
			"translation": [0, 0, -3],
			"scale": [0.5, 0.5, 0.5]
		}
	},
	"groups": [
		{
			"name": "group",
			"origin": [0, 0, 0],
			"color": 0,
			"children": [
				{
					"name": "group",
					"origin": [6, 0.6, 0],
					"color": 0,
					"children": [
						0,
						1,
						2,
						3,
						4,
						{
							"name": "group",
							"origin": [-8, 0, 0],
							"color": 0,
							"children": [5, 6, 7, 8, 9, 10, 11, 12, 13]
						},
						14,
						15,
						16,
						17,
						18,
						19,
						20,
						21
					]
				},
				{
					"name": "group",
					"origin": [0, 0, 0],
					"color": 0,
					"children": [22, 23, 24, 25, 26, 27, 28, 29, 30, 31, 32, 33, 34]
				},
				{
					"name": "group",
					"origin": [0, 0, 0],
					"color": 0,
					"children": [
						35,
						36,
						37,
						38,
						{
							"name": "group",
							"origin": [0, 0, 0],
							"color": 0,
							"children": [39, 40, 41, 42]
						}
					]
				},
				{
					"name": "group",
					"origin": [0, 0, 0],
					"color": 0,
					"children": [43, 44, 45, 46, 47]
				}
			]
		},
		{
			"name": "overlay",
			"origin": [8, 8, 8],
			"color": 0,
			"children": [48, 49, 50, 51, 52, 53, 54, 55, 56]
		}
	]
}