{
	"format_version": "1.21.6",
	"credit": "Made by LIMANearth using Blockbench(哇居然有人拆这个包吗)",
	"texture_size": [128, 128],
	"textures": {
		"1": "famara:item/famara"
	},
	"elements": [
		{
			"from": [2, 0, -1],
			"to": [24, 3, 17],
			"rotation": {"angle": 0, "axis": "y", "origin": [-8, 0, 0]},
			"faces": {
				"north": {"uv": [1.3125, 1, 2, 1.09375], "texture": "#1"},
				"east": {"uv": [1.375, 1.46875, 1.9375, 1.5625], "texture": "#1"},
				"south": {"uv": [1.375, 1.375, 2.0625, 1.46875], "texture": "#1"},
				"west": {"uv": [1.5, 0.25, 2.0625, 0.34375], "texture": "#1"},
				"up": {"uv": [0.6875, 0.5625, 0, 0], "texture": "#1"},
				"down": {"uv": [0.6875, 0.5625, 0, 1.125], "texture": "#1"}
			}
		},
		{
			"from": [-8, 0, -1],
			"to": [2, 1, 17],
			"rotation": {"angle": 0, "axis": "y", "origin": [-8, 0, 0]},
			"faces": {
				"north": {"uv": [1.3125, 1.09375, 1.625, 1.125], "texture": "#1"},
				"east": {"uv": [1.5, 0.71875, 2.0625, 0.75], "texture": "#1"},
				"south": {"uv": [1.6875, 1.75, 2, 1.78125], "texture": "#1"},
				"west": {"uv": [1.65625, 1.34375, 2.21875, 1.375], "texture": "#1"},
				"up": {"uv": [0.3125, 1.6875, 0, 1.125], "texture": "#1"},
				"down": {"uv": [0.625, 1.125, 0.3125, 1.6875], "texture": "#1"}
			}
		},
		{
			"from": [-7, 1, -1],
			"to": [2, 3, 0],
			"rotation": {"angle": 0, "axis": "y", "origin": [-8, 0, 0]},
			"faces": {
				"north": {"uv": [0, 1.6875, 0.28125, 1.75], "texture": "#1"},
				"east": {"uv": [1.09375, 1.75, 1.125, 1.8125], "texture": "#1"},
				"south": {"uv": [0.28125, 1.6875, 0.5625, 1.75], "texture": "#1"},
				"west": {"uv": [1.78125, 0.1875, 1.8125, 0.25], "texture": "#1"},
				"up": {"uv": [2.0625, 0.03125, 1.78125, 0], "texture": "#1"},
				"down": {"uv": [2.0625, 0.03125, 1.78125, 0.0625], "texture": "#1"}
			}
		},
		{
			"from": [-7, 1, 16],
			"to": [2, 3, 17],
			"rotation": {"angle": 0, "axis": "y", "origin": [-8, 0, 17]},
			"faces": {
				"north": {"uv": [0.5625, 1.6875, 0.84375, 1.75], "texture": "#1"},
				"east": {"uv": [1.6875, 1.78125, 1.71875, 1.84375], "texture": "#1"},
				"south": {"uv": [0.84375, 1.6875, 1.125, 1.75], "texture": "#1"},
				"west": {"uv": [1.78125, 1.6875, 1.8125, 1.75], "texture": "#1"},
				"up": {"uv": [2.0625, 0.09375, 1.78125, 0.0625], "texture": "#1"},
				"down": {"uv": [2.0625, 0.09375, 1.78125, 0.125], "texture": "#1"}
			}
		},
		{
			"from": [-7, 3, -1],
			"to": [2, 4.6, 17],
			"rotation": {"angle": 0, "axis": "y", "origin": [-8, 0, 0]},
			"faces": {
				"north": {"uv": [1.5, 1.6875, 1.78125, 1.75], "texture": "#1"},
				"east": {"uv": [1.5, 0.46875, 2.0625, 0.53125], "texture": "#1"},
				"south": {"uv": [0, 1.75, 0.28125, 1.8125], "texture": "#1"},
				"west": {"uv": [1.5, 0.53125, 2.0625, 0.59375], "texture": "#1"},
				"up": {"uv": [0.90625, 1.6875, 0.625, 1.125], "texture": "#1"},
				"down": {"uv": [1.1875, 1.125, 0.90625, 1.6875], "texture": "#1"}
			}
		},
		{
			"from": [-8, 1, -1],
			"to": [-7, 4.6, 17],
			"rotation": {"angle": 0, "axis": "y", "origin": [-8, 0, 0]},
			"faces": {
				"north": {"uv": [0.96875, 1.75, 1, 1.875], "texture": "#1"},
				"east": {"uv": [1.3125, 0.75, 1.875, 0.875], "texture": "#1"},
				"south": {"uv": [1, 1.75, 1.03125, 1.875], "texture": "#1"},
				"west": {"uv": [1.3125, 0.875, 1.875, 1], "texture": "#1"},
				"up": {"uv": [1.15625, 2.25, 1.125, 1.6875], "texture": "#1"},
				"down": {"uv": [1.1875, 1.6875, 1.15625, 2.25], "texture": "#1"}
			}
		},
		{
			"from": [-8.6, 1.1, 3.1],
			"to": [-8, 4.5, 12.9],
			"rotation": {"angle": 0, "axis": "y", "origin": [-8, 0, 0]},
			"faces": {
				"north": {"uv": [2.40625, 0.28125, 2.4375, 0.40625], "texture": "#1"},
				"east": {"uv": [2.6875, 0.28125, 3.25, 0.40625], "texture": "#1"},
				"south": {"uv": [2.65625, 0.53125, 2.6875, 0.65625], "texture": "#1"},
				"west": {"uv": [2.375, 0, 2.9375, 0.125], "texture": "#1"},
				"up": {"uv": [3.125, 1.21875, 3.09375, 0.65625], "texture": "#1"},
				"down": {"uv": [2.90625, 0.625, 2.875, 1.1875], "texture": "#1"}
			}
		},
		{
			"from": [-7, 1, 0],
			"to": [-1, 3, 16],
			"rotation": {"angle": 0, "axis": "y", "origin": [-8, 0, 0]},
			"faces": {
				"north": {"uv": [0.78125, 1.75, 0.96875, 1.8125], "texture": "#1"},
				"east": {"uv": [1.65625, 1.09375, 2.15625, 1.15625], "texture": "#1"},
				"south": {"uv": [1.5, 1.75, 1.6875, 1.8125], "texture": "#1"},
				"west": {"uv": [1.65625, 1.15625, 2.15625, 1.21875], "texture": "#1"},
				"up": {"uv": [1.5, 0.75, 1.3125, 0.25], "texture": "#1"},
				"down": {"uv": [1.375, 1.375, 1.1875, 1.875], "texture": "#1"}
			}
		},
		{
			"from": [-5, 4.6, 4],
			"to": [10, 6.6, 12],
			"rotation": {"angle": 0, "axis": "y", "origin": [-5, 0, -5]},
			"faces": {
				"north": {"uv": [1.65625, 1.21875, 2.125, 1.28125], "texture": "#1"},
				"east": {"uv": [0.28125, 1.75, 0.53125, 1.8125], "texture": "#1"},
				"south": {"uv": [1.65625, 1.28125, 2.125, 1.34375], "texture": "#1"},
				"west": {"uv": [0.53125, 1.75, 0.78125, 1.8125], "texture": "#1"},
				"up": {"uv": [1.65625, 1.375, 1.1875, 1.125], "texture": "#1"},
				"down": {"uv": [1.78125, 0, 1.3125, 0.25], "texture": "#1"}
			}
		},
		{
			"from": [22.4, 3, -1],
			"to": [24, 4.6, 17],
			"rotation": {"angle": 0, "axis": "y", "origin": [-8, 0, 0]},
			"faces": {
				"north": {"uv": [1.03125, 1.75, 1.09375, 1.8125], "texture": "#1"},
				"east": {"uv": [1.5, 0.59375, 2.0625, 0.65625], "texture": "#1"},
				"south": {"uv": [1.78125, 0.125, 1.84375, 0.1875], "texture": "#1"},
				"west": {"uv": [1.5, 0.65625, 2.0625, 0.71875], "texture": "#1"},
				"up": {"uv": [1.4375, 2.125, 1.375, 1.5625], "texture": "#1"},
				"down": {"uv": [1.5, 1.5625, 1.4375, 2.125], "texture": "#1"}
			}
		},
		{
			"from": [2, 3, -1],
			"to": [22.4, 4.6, 17],
			"rotation": {"angle": 0, "axis": "y", "origin": [-8, 0, 0]},
			"faces": {
				"north": {"uv": [1.5, 0.34375, 2.125, 0.40625], "texture": "#1"},
				"east": {"uv": [1.5, 1.5625, 2.0625, 1.625], "texture": "#1"},
				"south": {"uv": [1.5, 0.40625, 2.125, 0.46875], "texture": "#1"},
				"west": {"uv": [1.5, 1.625, 2.0625, 1.6875], "texture": "#1"},
				"up": {"uv": [1.3125, 0.5625, 0.6875, 0], "texture": "#1"},
				"down": {"uv": [1.3125, 0.5625, 0.6875, 1.125], "texture": "#1"}
			}
		}
	],
	"display": {
		"thirdperson_righthand": {
			"rotation": [77, -90, 0],
			"translation": [0, 1.75, 0.5],
			"scale": [0.3, 0.3, 0.3]
		},
		"thirdperson_lefthand": {
			"rotation": [77, 90, 0],
			"translation": [0, 1.75, 0.5],
			"scale": [0.3, 0.3, 0.3]
		},
		"firstperson_righthand": {
			"rotation": [6, -90, 0],
			"translation": [0, 5, 0],
			"scale": [0.3, 0.3, 0.3]
		},
		"firstperson_lefthand": {
			"rotation": [6, 90, 0],
			"translation": [0, 5, 0],
			"scale": [0.3, 0.3, 0.3]
		},
		"ground": {
			"translation": [0, 1.5, 0],
			"scale": [0.3, 0.3, 0.3]
		},
		"gui": {
			"rotation": [17, 60, 2],
			"translation": [0, 2.25, 0],
			"scale": [0.45, 0.45, 0.45]
		},
		"head": {
			"rotation": [0, -90, 0],
			"translation": [0, 8.75, 0],
			"scale": [0.3, 0.3, 0.3]
		},
		"fixed": {
			"rotation": [-90, 0, 0],
			"translation": [0, 0, -3],
			"scale": [0.5, 0.5, 0.5]
		}
	},
	"groups": [
		{
			"name": "group",
			"origin": [6, 0.6, 0],
			"color": 0,
			"children": [0, 1, 2, 3, 4, 5, 6, 7, 8, 9, 10]
		}
	]
}