{
	"format_version": "1.21.6",
	"credit": "Made by LIMANearth using Blockbench(哇居然有人拆这个包吗)",
	"texture_size": [128, 128],
	"textures": {
		"0": "famara:item/film_box",
		"particle": "famara:item/film_box"
	},
	"elements": [
		{
			"from": [-8, 0, -16],
			"to": [24, 6, 32],
			"rotation": {"angle": 0, "axis": "y", "origin": [3, 0, 0]},
			"faces": {
				"north": {"uv": [0, 6.625, 4, 7.25], "texture": "#0"},
				"east": {"uv": [0, 6, 6, 6.625], "texture": "#0"},
				"south": {"uv": [4, 6.625, 8, 7.25], "texture": "#0"},
				"west": {"uv": [6, 6, 12, 6.625], "texture": "#0"},
				"up": {"uv": [4, 6, 0, 0], "texture": "#0"},
				"down": {"uv": [8, 0, 4, 6], "texture": "#0"}
			}
		}
	],
	"display": {
		"thirdperson_righthand": {
			"rotation": [90, -180, 0],
			"translation": [0, 0.75, 0.5],
			"scale": [0.12, 0.12, 0.12]
		},
		"thirdperson_lefthand": {
			"rotation": [90, -180, 0],
			"translation": [0, 0.75, 0.5],
			"scale": [0.12, 0.12, 0.12]
		},
		"firstperson_righthand": {
			"rotation": [45, -180, 0],
			"translation": [1.75, 2.5, 0],
			"scale": [0.25, 0.25, 0.25]
		},
		"firstperson_lefthand": {
			"rotation": [45, -180, 0],
			"translation": [1.75, 2.5, 0],
			"scale": [0.25, 0.25, 0.25]
		},
		"ground": {
			"translation": [0, 0.5, 0],
			"scale": [0.15, 0.15, 0.15]
		},
		"gui": {
			"rotation": [-69, 0, 144],
			"translation": [-0.5, -0.25, 0],
			"scale": [0.25, 0.25, 0.25]
		},
		"head": {
			"translation": [0, 8, 0],
			"scale": [0.2, 0.2, 0.2]
		},
		"fixed": {
			"rotation": [-90, 0, 0],
			"translation": [0, 0, -1],
			"scale": [0.25, 0.25, 0.25]
		}
	}
}