{
	"format_version": "1.21.6",
	"credit": "Made with Blockbench",
	"texture_size": [128, 128],
	"textures": {
		"0": "famara:item/photo",
		"particle": "famara:item/photo"
	},
	"elements": [
		{
			"from": [-15.5, 0, -7.5],
			"to": [31.5, 1, 23.5],
			"rotation": {"angle": 0, "axis": "y", "origin": [-0.5, 0, -8.5]},
			"faces": {
				"north": {"uv": [6, 0, 12, 0.125], "texture": "#0"},
				"east": {"uv": [6, 0.25, 10, 0.375], "texture": "#0"},
				"south": {"uv": [6, 0.125, 12, 0.25], "texture": "#0"},
				"west": {"uv": [6, 0.375, 10, 0.5], "texture": "#0"},
				"up": {"uv": [6, 4, 0, 0], "texture": "#0"},
				"down": {"uv": [6, 4, 0, 8], "texture": "#0"}
			}
		}
	],
	"display": {
		"thirdperson_righthand": {
			"rotation": [90, 90, 0],
			"translation": [0, 1, 0.7],
			"scale": [0.1, 0.1, 0.1]
		},
		"thirdperson_lefthand": {
			"rotation": [90, -90, 0],
			"translation": [0, 1, 0.7],
			"scale": [0.1, 0.1, 0.1]
		},
		"firstperson_righthand": {
			"rotation": [45, 90, 0],
			"translation": [2.5, 2.5, 0],
			"scale": [0.25, 0.25, 0.25]
		},
		"firstperson_lefthand": {
			"rotation": [45, -90, 0],
			"translation": [2.5, 2.5, 0],
			"scale": [0.25, 0.25, 0.25]
		},
		"ground": {
			"rotation": [0, 0, 90],
			"translation": [0, 3.25, 0],
			"scale": [0.15, 0.15, 0.15]
		},
		"gui": {
			"rotation": [58, 64, 17],
			"translation": [-0.25, 0.5, 0],
			"scale": [0.25, 0.25, 0.25]
		},
		"head": {
			"rotation": [0, 90, 0],
			"translation": [0, 8, 0],
			"scale": [0.2, 0.2, 0.2]
		},
		"fixed": {
			"rotation": [-90, -90, 0],
			"translation": [0, 0, -1],
			"scale": [0.25, 0.25, 0.25]
		}
	}
}